{"slug":"submit\/73466946103157\/","temp_upload":{"q29_typeA29":["1500x500.jpeg"],"q34_brandAssets":["jack-gisel-240255.jpg"]},
"q4_reportType":["Audience Intelligence"],
"q7_brandPrimary":"1brand",
"q9_brandSecondary":"2brand",
"q10_products":"prod",
"q11_keybrandexecutives":"exec",
"q12_brandaor":"aor",
"q13_digitalagency":"digital",
"q14_mediaAgency":"media",
"q17_campaignBudget":"$500,000+",
"q18_gender":["Male"],
"q19_age":["18\u201324"],
"q23_worked":"Yes",
"q25_buy":"No",
"q26_buydetails":{"2":"No"},
"q31_aandenetworks":"Lifetime",
"q32_additionalInformation":"additional",
"event_id":"1513267465363_73466946103157_sJiVokc",
"typeA29":["https:\/\/www.jotform.us\/uploads\/KyznMedia\/73466946103157\/3890767222217554777\/1500x500.jpeg"],
"brandAssets":["https:\/\/www.jotform.us\/uploads\/KyznMedia\/73466946103157\/3890767222217554777\/jack-gisel-240255.jpg"]}
